<?xml version="1.0" encoding="UTF-8"?>
<!DOCTYPE configuration PUBLIC "-//mybatis.org//DTD Config 3.0//EN"  "http://mybatis.org/dtd/mybatis-3-config.dtd">

<configuration>
	<!-- DB설정 properties로드 -->
	<!-- <properties resource="/config/database.properties" /> -->
	
	<typeAliases>
		<typeAlias alias="userGrade" type="com.spring.project.dto.user.UserGradeDTO"/>
		<typeAlias alias="user" type="com.spring.project.dto.user.UserDTO"/>
	</typeAliases>
	
	<!-- root-context.xml에 연동 된 DB작업 -->
<!-- 	<environments default="development1">
		<environment id="development1">
			<transactionManager type="JDBC" />
			<dataSource type="POOLED" >
				<property name="driver" 	      value="${jdbc.driver}"  />
    	  	    <property name="url"              value="${jdbc.url}"/>
      		    <property name="username"         value="${jdbc.username}" />
       		    <property name="password"         value="${jdbc.password}" />
			</dataSource>
		</environment>
	</environments> -->
	
	
	<!-- mybatis mapper생성 지점 -->
	<mappers>
		<mapper resource="mapper/user-mapper.xml" />
	</mappers>
	
</configuration>

